cams,tokens_per_camera,prefix_tokens,flow_steps,chunk,vision_ms,connector_ms,prefix_ms,expert_kvproj_ms,expert_steps_ms,expert_per_step_ms,expert_total_ms,total_ms,vision_hbm_MB,connector_hbm_MB,prefix_hbm_MB,expert_kvproj_hbm_MB,expert_steps_hbm_MB,total_hbm_MB,GMAC,vision_redmule_pct,connector_redmule_pct,prefix_redmule_pct,expert_kvproj_redmule_pct,expert_steps_redmule_pct,redmule_pct,redmule_pct_cluster_min,redmule_pct_cluster_max,idma_pct,redmule_pct_per_cluster,idma_pct_per_cluster,source,source_detail
1,256,65,1,25,27.3174,0.2803,14.7987,0.1378,5.0843,5.0843,5.2221,47.6185,607.9691,25.7126,630.3764,7.2704,278.7836,1550.1122,46.5346,1.5535,10.4290,3.1525,5.8173,7.6482,2.7657,0.2798,10.5579,13.9835,10.56;8.25;3.99;3.66;3.67;2.11;2.11;2.11;1.57;1.52;0.88;0.88;0.88;0.88;0.88;0.28,17.87;20.25;15.76;15.28;14.42;14.87;16.02;16.59;13.10;14.26;11.90;11.96;11.21;11.16;11.19;7.89,composed,vision=measured;connector=measured;prefix=measured;expert=composed
1,256,65,2,25,27.3174,0.2803,14.7987,0.1378,10.1667,5.0833,10.3044,52.7009,607.9691,25.7126,630.3764,7.2704,557.5671,1828.8957,49.0358,1.5535,10.4290,3.1525,5.8173,7.6496,3.2369,0.5056,10.3350,16.0940,10.33;8.25;4.40;4.10;4.11;2.70;2.70;2.70;2.21;2.11;1.54;1.54;1.54;1.54;1.54;0.51,17.77;20.68;16.71;16.29;16.51;17.37;18.53;19.08;15.71;17.06;15.00;15.07;14.32;14.22;14.25;8.94,composed,vision=measured;connector=measured;prefix=measured;expert=composed
1,256,65,5,25,27.3174,0.2803,14.7987,0.1378,25.4141,5.0828,25.5519,67.9484,607.9691,25.7126,630.3764,7.2704,1393.9178,2665.2464,56.5394,1.5535,10.4290,3.1525,5.8173,7.6504,4.2274,0.9804,9.8663,20.5313,9.87;8.23;5.25;5.01;5.02;3.93;3.93;3.93;3.55;3.36;2.92;2.92;2.92;2.92;2.92;0.98,17.56;21.58;18.70;18.42;20.89;22.62;23.82;24.31;21.21;22.93;21.52;21.61;20.85;20.64;20.69;11.15,composed,vision=measured;connector=measured;prefix=measured;expert=composed
1,256,65,10,25,27.3174,0.2803,14.7987,0.1378,50.8264,5.0826,50.9642,93.3606,607.9691,25.7126,630.3764,7.2704,2787.8355,4059.1641,69.0453,1.5535,10.4290,3.1525,5.8173,7.6507,5.1592,1.4270,9.4254,24.7059,9.43;8.22;6.05;5.88;5.88;5.09;5.09;5.08;4.81;4.54;4.21;4.21;4.21;4.21;4.21;1.43,17.36;22.43;20.58;20.43;25.02;27.56;28.79;29.24;26.37;28.45;27.65;27.76;26.99;26.69;26.75;13.23,composed,vision=measured;connector=measured;prefix=measured;expert=composed
1,256,65,1,50,27.3174,0.2803,14.7987,0.1375,7.6583,7.6583,7.7958,50.1923,607.9691,25.7126,630.3764,7.2704,357.5344,1628.8630,49.0550,1.5535,10.4290,3.1525,5.8297,5.2635,2.6523,0.2738,10.0476,14.2647,10.05;7.86;3.82;3.51;3.52;2.03;2.03;2.03;1.52;1.47;0.86;0.86;0.86;0.86;0.86;0.27,16.92;19.54;15.30;14.84;14.68;15.24;16.44;17.00;13.91;15.02;12.82;12.88;12.02;11.88;11.91;7.82,measured,vision=measured;connector=measured;prefix=measured;expert=measured
1,256,65,2,50,27.3174,0.2803,14.7987,0.1375,15.3147,7.6574,15.4522,57.8487,607.9691,25.7126,630.3764,7.2704,715.0689,1986.3975,54.0766,1.5535,10.4290,3.1525,5.8297,5.2641,2.9980,0.4752,9.4692,16.3943,9.47;7.57;4.06;3.79;3.80;2.51;2.51;2.51;2.06;1.97;1.45;1.45;1.45;1.45;1.45;0.48,16.13;19.40;15.83;15.45;16.78;17.79;19.03;19.57;16.89;18.12;16.32;16.40;15.45;15.20;15.22;8.72,measured,vision=measured;connector=measured;prefix=measured;expert=measured
1,256,65,5,50,27.3174,0.2803,14.7987,0.1375,38.2842,7.6568,38.4216,80.8181,607.9691,25.7126,630.3764,7.2704,1787.6722,3059.0008,69.1413,1.5535,10.4290,3.1525,5.8297,5.2645,3.6423,0.8504,8.3917,20.3619,8.39;7.02;4.51;4.31;4.32;3.40;3.40;3.40;3.08;2.92;2.54;2.54;2.54;2.54;2.54;0.85,14.66;19.16;16.82;16.58;20.67;22.54;23.87;24.37;22.44;23.90;22.84;22.94;21.84;21.37;21.40;10.40,measured,vision=measured;connector=measured;prefix=measured;expert=measured
1,256,65,10,50,27.3174,0.2803,14.7987,0.1375,76.5662,7.6566,76.7037,119.1001,607.9691,25.7126,630.3764,7.2704,3575.3443,4846.6729,94.2491,1.5535,10.4290,3.1525,5.8297,5.2647,4.1638,1.1541,7.5195,23.5738,7.52;6.57;4.87;4.73;4.74;4.11;4.11;4.11;3.90;3.68;3.42;3.42;3.42;3.42;3.42;1.15,13.46;18.95;17.62;17.49;23.82;26.39;27.78;28.25;26.94;28.58;28.11;28.24;27.01;26.37;26.39;11.77,measured,vision=measured;connector=measured;prefix=measured;expert=measured
1,1024,113,1,25,175.5080,0.3439,14.5552,0.1798,5.3966,5.3966,5.5765,195.9836,3345.8861,31.3803,626.7822,10.2195,280.7722,4295.0403,131.0186,1.2461,8.8880,3.2052,6.1059,5.1730,1.5176,nan,nan,nan,,,model,vision=composed;connector=composed;prefix=composed;expert=model
1,1024,113,2,25,175.5080,0.3439,14.5552,0.1798,10.7933,5.3966,10.9731,201.3802,3345.8861,31.3803,626.7822,10.2195,561.5443,4575.8125,133.5566,1.2461,8.8880,3.2052,6.1059,5.1730,1.6156,nan,nan,nan,,,model,vision=composed;connector=composed;prefix=composed;expert=model
1,1024,113,5,25,175.5080,0.3439,14.5552,0.1798,26.9832,5.3966,27.1631,217.5701,3345.8861,31.3803,626.7822,10.2195,1403.8608,5418.1289,141.1707,1.2461,8.8880,3.2052,6.1059,5.1730,1.8803,nan,nan,nan,,,model,vision=composed;connector=composed;prefix=composed;expert=model
1,1024,113,10,25,175.5080,0.3439,14.5552,0.1798,53.9664,5.3966,54.1463,244.5533,3345.8861,31.3803,626.7822,10.2195,2807.7215,6821.9897,153.8610,1.2461,8.8880,3.2052,6.1059,5.1730,2.2436,nan,nan,nan,,,model,vision=composed;connector=composed;prefix=composed;expert=model
1,1024,113,1,50,175.5080,0.3439,14.5552,0.1798,8.2453,8.2453,8.4252,198.8322,3345.8861,31.3803,626.7822,10.2195,360.4970,4374.7652,133.5758,1.2461,8.8880,3.2052,6.1059,6.7972,1.6373,nan,nan,nan,,,model,vision=composed;connector=composed;prefix=composed;expert=model
1,1024,113,2,50,175.5080,0.3439,14.5552,0.1798,16.4906,8.2453,16.6705,207.0776,3345.8861,31.3803,626.7822,10.2195,720.9941,4735.2623,138.6711,1.2461,8.8880,3.2052,6.1059,6.7972,1.8428,nan,nan,nan,,,model,vision=composed;connector=composed;prefix=composed;expert=model
1,1024,113,5,50,175.5080,0.3439,14.5552,0.1798,41.2266,8.2453,41.4065,231.8135,3345.8861,31.3803,626.7822,10.2195,1802.4852,5816.7534,153.9570,1.2461,8.8880,3.2052,6.1059,6.7972,2.3714,nan,nan,nan,,,model,vision=composed;connector=composed;prefix=composed;expert=model
1,1024,113,10,50,175.5080,0.3439,14.5552,0.1798,82.4532,8.2453,82.6331,273.0401,3345.8861,31.3803,626.7822,10.2195,3604.9704,7619.2386,179.4335,1.2461,8.8880,3.2052,6.1059,6.7972,3.0397,nan,nan,nan,,,model,vision=composed;connector=composed;prefix=composed;expert=model
3,256,97,1,25,81.9893,0.3265,15.6707,0.1645,5.3199,5.3199,5.4844,103.4709,1824.5287,29.7677,628.4104,9.2365,280.7650,2772.7083,93.1936,1.5527,9.2227,2.9770,5.1651,7.3456,2.0962,0.1288,10.5559,11.1438,10.56;8.23;2.35;2.19;2.20;1.48;1.48;1.48;0.73;0.70;0.41;0.41;0.41;0.41;0.41;0.13,17.23;17.06;10.43;10.19;10.08;11.50;12.69;13.37;9.95;11.02;10.01;10.05;9.10;9.09;9.09;7.43,composed,vision=measured;connector=measured;prefix=measured;expert=composed
3,256,97,2,25,81.9893,0.3265,15.6707,0.1645,10.6375,5.3187,10.8019,108.7885,1824.5287,29.7677,628.4104,9.2365,561.5300,3053.4733,95.7193,1.5527,9.2227,2.9770,5.1651,7.3472,2.3529,0.2449,10.4271,12.3115,10.43;8.21;2.62;2.47;2.47;1.79;1.79;1.79;1.07;1.03;0.75;0.75;0.75;0.75;0.75;0.24,17.21;17.42;11.15;10.94;11.31;12.88;14.08;14.74;11.38;12.54;11.62;11.67;10.72;10.69;10.69;7.94,composed,vision=measured;connector=measured;prefix=measured;expert=composed
3,256,97,5,25,81.9893,0.3265,15.6707,0.1645,26.5911,5.3182,26.7556,124.7422,1824.5287,29.7677,628.4104,9.2365,1403.8250,3895.7682,103.2966,1.5527,9.2227,2.9770,5.1651,7.3479,2.9918,0.5340,10.1065,15.2171,10.11;8.17;3.29;3.16;3.16;2.56;2.56;2.56;1.94;1.84;1.60;1.60;1.60;1.60;1.60;0.53,17.16;18.31;12.96;12.79;14.37;16.31;17.52;18.14;14.94;16.34;15.64;15.70;14.76;14.66;14.67;9.22,composed,vision=measured;connector=measured;prefix=measured;expert=composed
3,256,97,10,25,81.9893,0.3265,15.6707,0.1645,53.1807,5.3181,53.3452,151.3318,1824.5287,29.7677,628.4104,9.2365,2807.6499,5299.5932,115.9254,1.5527,9.2227,2.9770,5.1651,7.3481,3.7573,0.8804,9.7223,18.6983,9.72;8.11;4.09;3.98;3.99;3.49;3.49;3.49;2.98;2.81;2.61;2.61;2.61;2.61;2.61;0.88,17.10;19.37;15.11;15.00;18.04;20.42;21.64;22.21;19.20;20.89;20.44;20.53;19.60;19.42;19.43;10.75,composed,vision=measured;connector=measured;prefix=measured;expert=composed
3,256,97,1,50,81.9893,0.3265,15.6707,0.1642,8.0534,8.0534,8.2176,106.2042,1824.5287,29.7677,628.4104,9.2365,359.5159,2851.4591,95.7385,1.5527,9.2227,2.9770,5.1742,5.0529,2.0575,0.1294,10.3009,11.3294,10.30;8.03;2.30;2.15;2.16;1.45;1.45;1.45;0.72;0.70;0.41;0.41;0.41;0.41;0.41;0.13,16.77;16.77;10.33;10.09;10.29;11.74;12.95;13.63;10.40;11.44;10.48;10.52;9.52;9.47;9.47;7.39,measured,vision=measured;connector=measured;prefix=measured;expert=measured
3,256,97,2,50,81.9893,0.3265,15.6707,0.1642,16.1038,8.0519,16.2680,114.2546,1824.5287,29.7677,628.4104,9.2365,719.0317,3210.9750,100.8093,1.5527,9.2227,2.9770,5.1742,5.0539,2.2687,0.2406,9.9592,12.6007,9.96;7.85;2.52;2.38;2.39;1.73;1.73;1.73;1.05;1.01;0.74;0.74;0.74;0.74;0.74;0.24,16.35;16.87;10.93;10.72;11.64;13.26;14.49;15.15;12.15;13.25;12.41;12.47;11.43;11.32;11.32;7.85,measured,vision=measured;connector=measured;prefix=measured;expert=measured
3,256,97,5,50,81.9893,0.3265,15.6707,0.1642,40.2564,8.0513,40.4206,138.4072,1824.5287,29.7677,628.4104,9.2365,1797.5794,4289.5226,116.0214,1.5527,9.2227,2.9770,5.1742,5.0543,2.7548,0.4965,9.1724,15.5272,9.17;7.42;3.03;2.91;2.91;2.37;2.37;2.37;1.81;1.72;1.50;1.50;1.50;1.50;1.50;0.50,15.40;17.08;12.31;12.16;14.75;16.76;18.04;18.65;16.17;17.42;16.87;16.94;15.82;15.57;15.58;8.91,measured,vision=measured;connector=measured;prefix=measured;expert=measured
3,256,97,10,50,81.9893,0.3265,15.6707,0.1642,80.5101,8.0510,80.6743,178.6609,1824.5287,29.7677,628.4104,9.2365,3595.1587,6087.1020,141.3750,1.5527,9.2227,2.9770,5.1742,5.0544,3.2730,0.7693,8.3339,18.6465,8.33;6.97;3.56;3.47;3.47;3.06;3.06;3.05;2.62;2.48;2.31;2.31;2.31;2.31;2.31;0.77,14.37;17.31;13.79;13.69;18.07;20.48;21.82;22.39;20.46;21.87;21.62;21.71;20.51;20.10;20.11;10.04,measured,vision=measured;connector=measured;prefix=measured;expert=measured
3,1024,241,1,25,526.5240,0.8719,33.0490,0.2949,6.1818,6.1818,6.4767,566.9216,10037.6584,94.9938,1252.5814,18.0838,284.7637,11688.0811,368.2880,1.2461,10.5072,2.8629,7.9416,4.6909,1.3956,nan,nan,nan,,,model,vision=composed;connector=composed;prefix=composed;expert=model
3,1024,241,2,25,526.5240,0.8719,33.0490,0.2949,12.3636,6.1818,12.6585,573.1033,10037.6584,94.9938,1252.5814,18.0838,569.5274,11972.8448,370.9243,1.2461,10.5072,2.8629,7.9416,4.6909,1.4312,nan,nan,nan,,,model,vision=composed;connector=composed;prefix=composed;expert=model
3,1024,241,5,25,526.5240,0.8719,33.0490,0.2949,30.9090,6.1818,31.2039,591.6487,10037.6584,94.9938,1252.5814,18.0838,1423.8184,12827.1358,378.8334,1.2461,10.5072,2.8629,7.9416,4.6909,1.5334,nan,nan,nan,,,model,vision=composed;connector=composed;prefix=composed;expert=model
3,1024,241,10,25,526.5240,0.8719,33.0490,0.2949,61.8179,6.1818,62.1128,622.5577,10037.6584,94.9938,1252.5814,18.0838,2847.6368,14250.9542,392.0151,1.2461,10.5072,2.8629,7.9416,4.6909,1.6901,nan,nan,nan,,,model,vision=composed;connector=composed;prefix=composed;expert=model
3,1024,241,1,50,526.5240,0.8719,33.0490,0.2953,9.8155,9.8155,10.1109,570.5557,10037.6584,94.9938,1252.5814,18.0838,368.4324,11771.7498,370.9435,1.2461,10.5072,2.8629,5.2333,4.2731,1.4080,0.2272,2.8206,11.6315,2.82;2.81;2.73;2.73;1.91;1.89;1.89;1.88;0.78;0.75;0.62;0.62;0.29;0.29;0.29;0.23,5.08;10.06;10.28;10.27;9.94;13.97;15.12;15.49;12.82;12.93;12.68;12.69;11.65;11.65;11.65;9.81,composed,vision=composed;connector=composed;prefix=composed;expert=composed
3,1024,241,2,50,526.5240,0.8719,33.0490,0.2953,19.6288,9.8144,19.9241,580.3689,10037.6584,94.9938,1252.5814,18.0838,736.8647,12140.1821,376.2354,1.2461,10.5072,2.8629,5.2333,4.2735,1.4565,0.2470,2.8508,11.8734,2.85;2.84;2.76;2.76;1.96;1.93;1.93;1.93;0.85;0.81;0.69;0.69;0.36;0.36;0.36;0.25,5.17;10.18;10.40;10.40;10.21;14.23;15.39;15.75;13.12;13.26;13.03;13.04;11.99;11.98;11.98;9.84,composed,vision=composed;connector=composed;prefix=composed;expert=composed
3,1024,241,5,50,526.5240,0.8719,33.0490,0.2953,49.0686,9.8137,49.3639,609.8087,10037.6584,94.9938,1252.5814,18.0838,1842.1618,13245.4792,392.1111,1.2461,10.5072,2.8629,5.2333,4.2738,1.5925,0.3027,2.9356,12.5524,2.94;2.92;2.85;2.85;2.08;2.06;2.06;2.06;1.03;0.98;0.86;0.86;0.55;0.55;0.55;0.30,5.44;10.50;10.74;10.74;10.95;14.96;16.13;16.49;13.97;14.20;14.01;14.03;12.95;12.91;12.91;9.90,composed,vision=composed;connector=composed;prefix=composed;expert=composed
3,1024,241,10,50,526.5240,0.8719,33.0490,0.2953,98.1348,9.8135,98.4301,658.8750,10037.6584,94.9938,1252.5814,18.0838,3684.3235,15087.6409,418.5707,1.2461,10.5072,2.8629,5.2333,4.2739,1.7922,0.3844,3.0601,13.5493,3.06;3.04;2.98;2.98;2.27;2.25;2.25;2.24;1.29;1.22;1.12;1.12;0.83;0.83;0.83;0.38,5.83;10.97;11.25;11.25;12.05;16.03;17.21;17.58;15.22;15.57;15.45;15.48;14.36;14.27;14.27;10.00,composed,vision=composed;connector=composed;prefix=composed;expert=composed
