noc_link_width,redmule_ce,mesh,model_cycles,composed_cycles,err_pct,model_add,model_add_bias,model_barrier,model_gelu,model_gemm,model_layernorm,model_softmax,model_transpose,composed_add,composed_add_bias,composed_barrier,composed_gelu,composed_gemm,composed_layernorm,composed_softmax,composed_transpose
1024,64x64,4x4,49527075.8361244,52827452.0,-6.247464223479115,2268421.4880382777,10197513.534688996,244.0,7269899.827751197,270075.95454545453,7477069.377990431,21837872.15311005,205979.5,2264700.0,13535812.0,0.0,7266207.0,259236.0,7466216.0,21828338.0,206943.0
1024,128x32,4x4,49527203.8361244,52827939.0,-6.248086195215002,2268421.4880382777,10197513.534688996,244.0,7269899.827751197,270203.9545454546,7477069.377990431,21837872.15311005,205979.5,2264748.0,13535785.0,0.0,7266207.0,259706.0,7466216.0,21828338.0,206939.0
512,128x32,4x4,49810473.90909091,53042101.0,-6.092569920842867,2282317.4880382777,10240504.284688996,244.0,7288427.827751197,449562.27272727276,7486333.377990431,21854380.15311005,208704.504784689,2277336.0,13563646.0,0.0,7284625.0,403514.0,7475318.0,21829366.0,208296.0
512,64x64,4x4,49811561.90909091,53043189.0,-6.092444952563266,2282317.4880382777,10240504.284688996,244.0,7288427.827751197,450650.27272727276,7486333.377990431,21854380.15311005,208704.504784689,2277336.0,13563628.0,0.0,7284623.0,404622.0,7475318.0,21829366.0,208296.0
256,128x32,4x4,50402178.44736841,53509132.0,-5.806398714581254,2310109.4880382777,10326485.784688996,244.0,7325483.827751197,829629.3110047847,7504861.377990431,21887396.15311005,217968.504784689,2303788.0,13619734.0,0.0,7321437.0,726520.0,7492848.0,21831422.0,213383.0
256,64x64,4x4,50403266.44736841,53510178.0,-5.806206723198691,2310109.4880382777,10326485.784688996,244.0,7325483.827751197,830717.3110047845,7504861.377990431,21887396.15311005,217968.504784689,2303788.0,13619734.0,0.0,7321431.0,727572.0,7492848.0,21831422.0,213383.0
1024,128x32,1x1,700242696.2727274,673502906.0,3.9702561094409545,36070320.07655502,162466896.94258377,244.0,116040900.0574163,990831.5598086126,119479249.87559809,261936225.76076558,3258028.0,36039078.0,162179934.0,0.0,115163934.0,915879.0,112666944.0,245401476.0,1135661.0
1024,64x64,1x1,700253448.2727274,673510175.0,3.970730401025845,36070320.07655502,162466896.94258377,244.0,116040900.0574163,1001583.5598086126,119479249.87559809,261936225.76076558,3258028.0,36039078.0,162179934.0,0.0,115163934.0,923148.0,112666944.0,245401476.0,1135661.0
512,128x32,1x1,700423284.3301436,673676617.0,3.9702531830852563,36083634.755980864,162510263.64114836,244.0,116065476.0574163,1067631.5598086126,119486420.55502392,261948513.76076558,3261100.0,36051486.0,162221282.0,0.0,115188510.0,989610.0,112673184.0,245413812.0,1138733.0
512,64x64,1x1,700434036.3301436,673685845.0,3.970425017634677,36083634.755980864,162510263.64114836,244.0,116065476.0574163,1078383.5598086126,119486420.55502392,261948513.76076558,3261100.0,36051486.0,162221282.0,0.0,115188510.0,998838.0,112673184.0,245413812.0,1138733.0
256,128x32,1x1,701142391.1339713,674360956.0,3.9713798516489636,36120498.755980864,162622583.64114836,244.0,116114628.0574163,1533106.3636363638,119510996.55502392,261973089.76076558,3267244.0,36084826.0,162329328.0,0.0,115237662.0,1432479.0,112693204.0,245438484.0,1144973.0
256,64x64,1x1,701158327.1339713,674376730.0,3.971310981322166,36120498.755980864,162622583.64114836,244.0,116114628.0574163,1549042.3636363638,119510996.55502392,261973089.76076558,3267244.0,36084826.0,162329328.0,0.0,115237662.0,1448253.0,112693204.0,245438484.0,1144973.0
